<?xml version='1.0' encoding='UTF-8' ?>
<timeLogEntries>
  <time id="1" path="/TI1_Diana Olano/Etapas PSP0/Planning" start="@1631371706153" delta="169" interrupt="19" comment="Se avanzo en el planteamiento del metodo de ingenieria, revisamos las fases 1 y 2 (Indentificacion del problema y recopilación de la información necesari)." />
  <time id="2" path="/TI1_Diana Olano/Etapas PSP0/Planning" start="@1631715102002" delta="114" interrupt="1" comment="Se avanzo en el planteamiento del metodo de ingenieria, revisamos las fases 2 y 3 (Definicion de palabras y lluvia de ideas)." />
  <time id="3" path="/TI1_Diana Olano/Etapas PSP0/Planning" start="@1631886381509" delta="129" comment="Se termino la fase 4 del metodo de ingenieria" />
  <time id="4" path="/TI1_Diana Olano/Etapas PSP0/Planning" start="@1631925302345" delta="14" comment="Se reviso la fase 5 del metodo de ingenieria" />
  <time id="5" path="/TI1_Diana Olano/Etapas PSP0/Planning" start="@1631934229745" delta="110" comment="Finalizamos las fase 5 y se inicio con la fase 6 del metodo de ingenieria" />
  <time id="6" path="/TI1_Diana Olano/Etapas PSP0/Planning" start="@1631974081513" delta="113" comment="Se finalizo la etapa 6 del metodo de la ingenieria" />
  <time id="7" path="/TI1_Diana Olano/Etapas PSP0/Design" start="@1631981426427" delta="104" comment="Se empezo con la parte del diseño y se termino la parte de los TAD'S" />
  <time id="8" path="/TI1_Diana Olano/Etapas PSP0/Design" start="@1631993995889" delta="79" comment="Se socializo la parte de los TAD´S y se empezo a diseñar el diagrama de clases" />
  <time id="9" path="/TI1_Diana Olano/Etapas PSP0/Design" start="@1632105325930" delta="77" comment="Se realizo un bosquejo general del diagrama de clase del proyecto" />
  <time id="10" path="/TI1_Diana Olano/Etapas PSP0/Design" start="@1632194080588" delta="41" comment="Avance de diseño" />
  <time id="11" path="/TI1_Diana Olano/Etapas PSP0/Design" start="@1632364282358" delta="118" comment="Se planeo los mockups del proyecto" />
  <time id="12" path="/TI1_Diana Olano/Etapas PSP0/Design" start="@1632525240769" delta="97" comment="Se modifico el diagrama de clases y los mockups" />
  <time id="13" path="/TI1_Diana Olano/Etapas PSP0/Design" start="@1632537736495" delta="114" comment="Se añadio los fxmls del programa" />
  <time id="14" path="/TI1_Diana Olano/Etapas PSP0/Code" start="@1632546279747" delta="58" comment="Se empezo a codificar, se realizo el metodo para iniciar la pantalla de bienvenida" />
  <time id="15" path="/TI1_Diana Olano/Etapas PSP0/Code" start="@1632581848562" delta="201" comment="Se agregaron nuevos metodos a la GUI" />
  <time id="16" path="/TI1_Diana Olano/Etapas PSP0/Code" start="@1632600824888" delta="188" comment="Se agrego metodos para añadirle juegos al cliente" />
  <time id="17" path="/TI1_Diana Olano/Etapas PSP0/Code" start="@1632618174073" delta="7" comment="Se aareglo errores de los metodos" />
  <time id="18" path="/TI1_Diana Olano/Etapas PSP0/Code" start="@1632620207897" delta="256" comment="Se añadio nuevos metodos a la GUI" />
  <time id="19" path="/TI1_Diana Olano/Etapas PSP0/Code" start="@1632667227537" delta="22" />
  <time id="20" path="/TI1_Diana Olano/Etapas PSP0/Code" start="@1632668592461" delta="44" />
  <time id="21" path="/TI1_Diana Olano/Etapas PSP0/Code" start="@1632672907877" delta="100" />
  <time id="22" path="/TI1_Diana Olano/Etapas PSP0/Code" start="@1632683198180" delta="120" />
  <time id="23" path="/TI1_Diana Olano/Etapas PSP0/Code" start="@1632695541473" delta="104" />
  <time id="24" path="/TI1_Diana Olano/Etapas PSP0/Code" start="@1632706430279" delta="173" />
  <time id="25" path="/TI1_Diana Olano/Etapas PSP0/Test" start="@1632797482796" delta="112" comment="Se realizo las pruebas unitarias de la estructura de datos Queuee" />
  <time id="26" path="/TI1_Diana Olano/Etapas PSP0/Design" start="@1632870404393" delta="180" comment="Se realizo el diagrama de clases" />
  <time id="27" path="/TI1_Diana Olano/Etapas PSP0/Postmortem" start="@1632882358707" delta="32" comment="Reflexionamos el proyecto" />
  <time id="28" path="/TI2_Diana Olano/Etapas PSP0/Planning" start="@1634261146958" delta="97" comment="Se inicio con el metodo de ingenieria con los puntos de identificacion del problema e identifiacion del problema" />
  <time id="29" path="/TI2_Diana Olano/Etapas PSP0/Planning" start="@1634339561276" delta="98" comment="Se reviso enunciado de tarea integeadora con el profesor y se reviso requermienrtos funcionale" />
  <time id="30" path="/TI2_Diana Olano/Etapas PSP0/Planning" start="@1634352255992" delta="61" comment="Se termino la fase de recopilacion de la informacion necesaria" />
  <time id="31" path="/TI2_Diana Olano/Etapas PSP0/Planning" start="@1634413060402" delta="125" comment="Se realizo la fase 3, 4 y 5" />
  <time id="32" path="/TI2_Diana Olano/Etapas PSP0/Design" start="@1634420658823" delta="25" comment="Se diseño los mockups de la aplicacion" />
  <time id="33" path="/TI2_Diana Olano/Etapas PSP0/Design" start="@1634435448880" delta="53" comment="Se realizo de el TAD de la estructura ABB" />
  <time id="35" path="/TI2_Diana Olano/Etapas PSP0/Planning" start="@1634945175330" delta="86" comment="Se reeplanteo las alternativas en el metodo de ingenieria" />
  <time id="36" path="/TI2_Diana Olano/Etapas PSP0/Design" start="@1634999833775" delta="146" comment="Realizamos el TAD de los AVL y se creo el fxml de WelcomePage " />
  <time id="37" path="/TI2_Diana Olano/Etapas PSP0/Code" start="@1635008661302" delta="27" comment="Elaboracion del main y la GUI" />
  <time id="38" path="/TI2_Diana Olano/Etapas PSP0/Code" start="@1635019873358" delta="239" />
  <time id="39" path="/TI2_Diana Olano/Etapas PSP0/Code" start="@1635082206925" delta="262" />
  <time id="40" path="/TI2_Diana Olano/Etapas PSP0/Code" start="@1635120745541" delta="99" />
  <time id="42" path="/TI2_Diana Olano/Etapas PSP0/Test" start="@1635389439049" delta="71" />
  <time id="43" path="/TI2_Diana Olano/Etapas PSP0/Code" start="@1635393690048" delta="48" />
  <time id="44" path="/TI2_Diana Olano/Etapas PSP0/Test" start="@1635396548675" delta="12" />
  <time id="45" path="/TI2_Diana Olano/Etapas PSP0/Test" start="@1635477365711" delta="72" />
  <time id="46" path="/TI2_Diana Olano/Etapas PSP0/Code" start="@1635606882104" delta="116" />
  <time id="47" path="/TI2_Diana Olano/Etapas PSP0/Code" start="@1635623442743" delta="205" />
  <time id="48" path="/TI2_Diana Olano/Etapas PSP0/Test" start="@1635640853545" delta="71" />
  <time id="49" path="/TI2_Diana Olano/Etapas PSP0/Test" start="@1635650824120" delta="72" />
  <time id="50" path="/TI2_Diana Olano/Etapas PSP0/Design" start="@1635692615833" delta="344" />
  <time id="51" path="/TI2_Diana Olano/Etapas PSP0/Code" start="@1635716014884" delta="256" />
  <time id="50" path="/TI2_Diana Olano/Etapas PSP0/Design" start="@1635692615833" delta="172" />
  <time id="51" path="/TI2_Diana Olano/Etapas PSP0/Code" start="@1635716014884" delta="128" />
  <time id="52" path="/TI2_Diana Olano/Etapas PSP0/Test" start="@1635808312362" delta="114" />
  <time id="53" path="/TI2_Diana Olano/Etapas PSP0/Design" start="@1635835055359" delta="34" />
  <time id="54" path="/TI2_Diana Olano/Etapas PSP0/Postmortem" start="@1635838308325" delta="6" />
  <time id="55" path="/TI2_Diana Olano/Etapas PSP0/Planning" start="@1635838639970" delta="1" />
  <time id="56" path="/TI2_Diana Olano/Etapas PSP0/Design" start="@1635838641486" delta="1" />
  <time id="57" path="/TI2_Diana Olano/Etapas PSP0/Code" start="@1635838642885" delta="1" />
  <time id="58" path="/TI2_Diana Olano/Etapas PSP0/Test" start="@1635838644126" delta="1" />
  <time id="59" path="/TI2_Diana Olano/Etapas PSP0/Postmortem" start="@1635838646580" />
  <time id="60" path="/TI3_Diana Olano/Etapas PSP0/Planning" start="@1636814145000" delta="41" comment="Se establecio el contexto de la problematica y se avanzó en la fase 1: identificacion del problema" />
  <time id="61" path="/TI3_Diana Olano/Etapas PSP0/Planning" start="@1636817708000" delta="86" comment="Se avanzo en los requerimientos funcionales" />
  <time id="63" path="/TI3_Diana Olano/Etapas PSP0/Planning" start="@1636839854817" delta="76" comment="se finalizo con las fases 3.4 y 5 del metodo de ingenieria" />
  <time id="65" path="/TI3_Diana Olano/Etapas PSP0/Design" start="@1636852369279" delta="172" comment="Creacion del TAD del grafo ponderado dirigido y la realización de los mockups preliminares" />
  <time id="66" path="/TI3_Diana Olano/Etapas PSP0/Planning" start="@1636863575111" delta="59" comment="Creacion del enunciado de la situación problmática" />
  <time id="67" path="/TI3_Diana Olano/Etapas PSP0/Code" start="@1637113553122" delta="73" comment="Clase grafo lista adyacencia avanzada" />
  <time id="68" path="/TI3_Diana Olano/Etapas PSP0/Code" start="@1637436065967" delta="485" interrupt="57" />
  <time id="69" path="/TI3_Diana Olano/Etapas PSP0/Code" start="@1637638482491" delta="65" />
  <time id="70" path="/TI3_Diana Olano/Etapas PSP0/Code" start="@1637643052067" delta="30" />
  <time id="71" path="/TI3_Diana Olano/Etapas PSP0/Design" start="@1637730080247" delta="51" />
  <time id="72" path="/TI3_Diana Olano/Etapas PSP0/Code" start="@1637769193877" delta="86" />
  <time id="73" path="/TI3_Diana Olano/Etapas PSP0/Test" start="@1637774395989" delta="36" />
  <time id="74" path="/TI3_Diana Olano/Etapas PSP0/Test" start="@1637791156375" delta="215" />
  <time id="75" path="/TI3_Diana Olano/Etapas PSP0/Design" start="@1637804041289" delta="60" />
</timeLogEntries>
