<?xml version='1.0' encoding='UTF-8' ?>
<timeLogEntries>
  <time id="1" path="/TI1_Angelica_Corrales/PSP0/Planning" start="@1631371257000" delta="177" interrupt="19" comment="Se avanzó en el planteamiento del método de la ingeniería, se revisaron las fases 1 y 2 (identificación del problema y recopilación de la información necesaria)" />
  <time id="2" path="/TI1_Angelica_Corrales/PSP0/Planning" start="@1631383285000" />
  <time id="3" path="/TI1_Angelica_Corrales/PSP0/Planning" start="@1631715212731" delta="114" comment="Lluvia de ideas" />
  <time id="4" path="/TI1_Angelica_Corrales/PSP0/Planning" start="@1631886334258" delta="130" comment="Transición de las ideas a los diseños preliminares" />
  <time id="5" path="/TI2_Angelica_Corrales/PSP0/Planning" start="@1634261148352" delta="97" comment="Avance fase 1 método ingeniería" />
  <time id="6" path="/TI3_Angelica_Corrales/PSP0/Planning" start="@1636814052932" delta="41" interrupt="1" comment="Contexto problematica y Avance fase 1 met. ing" />
  <time id="7" path="/TI3_Angelica_Corrales/PSP0/Planning" start="@1636817719748" delta="123" comment="Fase 1 y 2 completadas del met. ing" />
  <time id="8" path="/TI3_Angelica_Corrales/PSP0/Planning" start="@1636831745118" delta="211" comment="Fase 3, 4, 5 completadas del met. ing" />
  <time id="9" path="/TI3_Angelica_Corrales/PSP0/Design" start="@1636852387686" delta="171" comment="TAD grafo ponderado dirigido y mockups preliminares" />
  <time id="10" path="/TI3_Angelica_Corrales/PSP0/Planning" start="@1636863583064" delta="59" comment="Enunciado de la situación problemática" />
  <time id="11" path="/TI3_Angelica_Corrales/PSP0/Code" start="@1637113345290" delta="76" comment="Clase grafo lista adyacencia avanzada" />
  <time id="12" path="/TI3_Angelica_Corrales/PSP0/Code" start="@1637435890473" delta="268" interrupt="18" comment="Clase grafo modificada y avanzada." />
  <time id="13" path="/TI3_Angelica_Corrales/PSP0/Code" start="@1637459066997" delta="126" interrupt="2" comment="Clase grafo modificada" />
  <time id="14" path="/TI3_Angelica_Corrales/PSP0/Design" start="@1637467026723" delta="47" comment="Diseño pruebas unitarias del grafo" />
  <time id="15" path="/TI3_Angelica_Corrales/PSP0/Design" start="@1637594421460" delta="119" comment="Diseño pruebas unitarias del grafo" />
  <time id="16" path="/TI3_Angelica_Corrales/PSP0/Design" start="@1637638848394" delta="166" comment="Diseño pruebas unitarias del grafo" />
  <time id="17" path="/TI3_Angelica_Corrales/PSP0/Design" start="@1637688024579" delta="10" comment="Diseño de pruebas unitarias del grafo" />
  <time id="18" path="/TI3_Angelica_Corrales/PSP0/Test" start="@1637688686433" delta="20" comment="GraphTest modificado" />
  <time id="19" path="/TI3_Angelica_Corrales/PSP0/Test" start="@1637698503496" delta="43" comment="GraphTest modificado" />
  <time id="20" path="/TI3_Angelica_Corrales/PSP0/Test" start="@1637721204438" delta="254" comment="GraphTest modificado" />
  <time id="21" path="/TI3_Angelica_Corrales/PSP0/Design" start="@1637736487903" delta="22" comment="Diseño de pruebas unitarias del grafo" />
  <time id="22" path="/TI3_Angelica_Corrales/PSP0/Test" start="@1637737843340" delta="19" comment="GraphTest modificado" />
  <time id="23" path="/TI3_Angelica_Corrales/PSP0/Test" start="@1637769129026" delta="79" interrupt="6" comment="GraphTest modificado" />
  <time id="24" path="/TI3_Angelica_Corrales/PSP0/Code" start="@1637774259337" delta="16" comment="Clase grafo modificada" />
  <time id="25" path="/TI3_Angelica_Corrales/PSP0/Test" start="@1637793748580" delta="11" comment="GraphTest modificado" />
  <time id="26" path="/TI3_Angelica_Corrales/PSP0/Design" start="@1637794428409" delta="28" comment="Diseño de pruebas unitarias del grafo" />
  <time id="27" path="/TI3_Angelica_Corrales/PSP0/Test" start="@1637796099765" delta="54" comment="GraphTest modificado" />
  <time id="28" path="/TI3_Angelica_Corrales/PSP0/Design" start="@1637799380662" delta="30" comment="Diseño de pruebas unitarias del grafo" />
  <time id="29" path="/TI3_Angelica_Corrales/PSP0/Design" start="@1637804809004" delta="22" comment="Diagrama de clases del grafo" />
  <time id="30" path="/TI3_Angelica_Corrales/PSP0/Design" start="@1637942834835" delta="57" comment="Fxml routesagregado" />
  <time id="31" path="/TI3_Angelica_Corrales/PSP0/Code" start="@1637965937152" delta="35" comment="Clase Bienco y GUI modificada" />
  <time id="32" path="/TI3_Angelica_Corrales/PSP0/Code" start="@1637975049834" delta="192" comment="Clase Bienco y GUI modificada" />
  <time id="33" path="/TI3_Angelica_Corrales/PSP0/Code" start="@1638024530437" delta="224" comment="Clase Bienco y GUI modificada" />
  <time id="34" path="/TI3_Angelica_Corrales/PSP0/Design" start="@1638044726083" delta="163" comment="Diseño de pruebas unitarias de la clase controladora Bienco" />
  <time id="35" path="/TI3_Angelica_Corrales/PSP0/Test" start="@1638061737560" delta="159" comment="BiencoTest modificado" />
  <time id="36" path="/TI3_Angelica_Corrales/PSP0/Test" start="@1638075117932" delta="110" interrupt="2" />
</timeLogEntries>
