<?xml version='1.0' encoding='UTF-8' ?>
<timeLogEntries>
  <time id="1" path="/keren/PSP0/Planning" start="@1631319126000" delta="1" />
  <time id="2" path="/TI 1_ Keren López/PSP0/Planning" start="@1631371251772" delta="176" interrupt="20" comment="Se avanzó en el planteamiento del método de la ingeniería, revisamos las fases 1 y 2 (identificación del problema y recopilación de la información necesaria)." />
  <time id="5" path="/TI 1_ Keren López/PSP0/Planning" start="@1631715072485" delta="115" comment="Revisamos las fases 2 y 3 (reopilación de la información necesaria y busqueda de soluciones creativas). Añadimos definiciones, organizamos distintas alternativas y elegimos una técnica para generar ideas." />
  <time id="6" path="/TI 1_ Keren López/PSP0/Planning" start="@1631886381488" delta="129" comment="Terminamos de plantear las fases 3 y 4 del método de la ingeniería" />
  <time id="7" path="/TI 1_ Keren López/PSP0/Planning" start="@1631925417051" delta="13" comment="Miramos la fase 5 de evaluación y selección de la mejor solución" />
  <time id="8" path="/TI 1_ Keren López/PSP0/Planning" start="@1631934280930" delta="109" comment="Finalizamos la fase 5 e iniciamos la 6 (preparación de informes y especificaciones)" />
  <time id="9" path="/TI 1_ Keren López/PSP0/Planning" start="@1631975593267" delta="87" comment="Terminamos las etapas 5 y 6, dándolas por finalizadas" />
  <time id="10" path="/TI 1_ Keren López/PSP0/Design" start="@1631981425000" delta="104" comment="Revisamos la fase 7 del método de la ingeniería y realizamos los TADs de cada una de las estructuras que vamos a implementar" />
  <time id="11" path="/TI 1_ Keren López/PSP0/Design" start="@1631993998000" delta="79" comment="Avanzamos en la creación de un borrador para el diagrama de clases del proyecto" />
  <time id="12" path="/TI 1_ Keren López/PSP0/Design" start="@1632105326000" delta="77" comment="Modificamos el diagrama de clases, quedan dudas por resolver" />
  <time id="13" path="/TI 1_ Keren López/PSP0/Design" start="@1632364042623" delta="122" comment="Planteamos el diseño de algunas pantallas (mockups)" />
  <time id="14" path="/TI 1_ Keren López/PSP0/Design" start="@1632525280000" delta="97" comment="Modificamos el diagrama de clases y los mockups" />
  <time id="15" path="/TI 1_ Keren López/PSP0/Design" start="@1632537688000" delta="115" comment="Finalizamos mockups y creamos archivos fxml del projecto" />
  <time id="16" path="/TI 1_ Keren López/PSP0/Code" start="@1632546233260" delta="59" comment="Se añadieron metodos a la clase Main y VideogameStore. Asimismo se creo la clase VideogameStoreGUI" />
  <time id="17" path="/TI 1_ Keren López/PSP0/Code" start="@1632581868000" delta="188" comment="Se crearon todas las clases relacionadas con la estructura Stack (IStack, Stack y NodeS). También, se realizaron cambios en la clase VideogameStoreGUI." />
  <time id="18" path="/TI 1_ Keren López/PSP0/Code" start="@1632600821000" delta="188" comment="Se modifico la clase Client. Se agregaron nuevos metodos relacionados con los algoritmos de ordenamiento, la bolsa de compra y el cesto del cliente." />
  <time id="19" path="/TI 1_ Keren López/PSP0/Code" start="@1632622783964" delta="205" comment="Se trabajó en la relación entre la GUI, la clase controladora y los diferentes métodos de la clase Client para su respectivo funcionamiento." />
  <time id="20" path="/TI 1_ Keren López/PSP0/Design" start="@1632668607393" delta="118" comment="Se realizó la configuración de los escenarios y el diseño de casos de prueba para la estructura stack." />
  <time id="22" path="/TI 1_ Keren López/PSP0/Code" start="@1632683450748" delta="51" interrupt="2" comment="Se modificaron los algoritmos de ordenamiento" />
  <time id="23" path="/TI 1_ Keren López/PSP0/Design" start="@1632709020893" delta="53" comment="Se planteó el análisis de complejidad temporal y espacial de los algoritmos de ordenamiento" />
  <time id="24" path="/TI 1_ Keren López/PSP0/Design" start="@1632713150452" delta="44" comment="Se plantearon las pruebas unitarias de la estructura Queue" />
  <time id="25" path="/TI 1_ Keren López/PSP0/Design" start="@1632797485212" delta="170" comment="Se cambió el diseño de los archivos fxml del programa" />
  <time id="26" path="/TI 1_ Keren López/PSP0/Test" start="@1632846108338" delta="78" comment="Se codificaron las pruebas de la estructura Stack del programa" />
  <time id="27" path="/TI 1_ Keren López/PSP0/Test" start="@1632869669723" delta="65" comment="Se planteó el diseño de la prueba de todo el programa" />
  <time id="28" path="/TI 1_ Keren López/PSP0/Design" start="@1632873645657" delta="126" comment="Se realizó el diagrama de clases del proyecto" />
  <time id="29" path="/TI 1_ Keren López/PSP0/Postmortem" start="@1632882360914" delta="32" comment="Reflexión acerca del proyecto y su realización" />
  <time id="30" path="/TI 2_Keren López/PSP0/Planning" start="@1634261149000" delta="97" comment="Se inició con el método de la ingeniería. Avance en la fase 1 de la identificación del problema." />
  <time id="31" path="/TI 2_Keren López/PSP0/Planning" start="@1634339563000" delta="98" comment="Avanzamos en el planteamiento de los requerimientos funcionales del programa" />
  <time id="32" path="/TI 2_Keren López/PSP0/Planning" start="@1634352259000" delta="61" comment="Se finalizó con la parte de recopilación de la información necesaria" />
  <time id="33" path="/TI 2_Keren López/PSP0/Planning" start="@1634413061745" delta="126" comment="Se terminó la fase 3 del método de ingeniería" />
  <time id="34" path="/TI 2_Keren López/PSP0/Design" start="@1634420656000" delta="26" comment="Realizamos los mockups del programa" />
  <time id="35" path="/TI 2_Keren López/PSP0/Design" start="@1634435382000" delta="54" comment="Realizamos el TAD de los árboles binarios de búsqueda" />
  <time id="37" path="/TI 2_Keren López/PSP0/Planning" start="@1634945182218" delta="86" comment="Replanteamos las alternativas del método de la ingeniería pasamos de 3 a 6 propuestas de las cuales seleccionamos una ganadora" />
  <time id="38" path="/TI 2_Keren López/PSP0/Design" start="@1634999866000" delta="146" comment="Realizamos el TAD de los AVL y cree el manage-player.fxml" />
  <time id="39" path="/TI 2_Keren López/PSP0/Code" start="@1635008657000" delta="27" comment="Añadí metodos a las clases Main y FibaGUI" />
  <time id="40" path="/TI 2_Keren López/PSP0/Code" start="@1635019889000" delta="217" comment="Rellené los métodos de la clase GUI relacionados con gestionar jugador, cree la clase Player, el paquete exception y la clase NegativeValueException además de todas las clases relacionadas con los árboles ABB" />
  <time id="41" path="/TI 2_Keren López/PSP0/Design" start="@1635085541000" delta="237" comment="Realicé el diseño de las pruebas para todos los métodos de la estructura árbol binario de búsqueda" />
  <time id="42" path="/TI 2_Keren López/PSP0/Test" start="@1635388187000" delta="181" comment="Se codificaron las pruebas unitarias correspondientes para la estructura de árbol binario de búsqueda, exactamente se creo la clase BSTtreeTest con sus respectivos escenarios y metodos de prueba correspondientes" />
  <time id="43" path="/TI 2_Keren López/PSP0/Code" start="@1635472591018" delta="125" comment="Fueron modificados y agregados nuevos métodos a la clase controladora Fiba y a FibaGUI: todos relacionados con gestionar un jugador" />
  <time id="44" path="/TI 2_Keren López/PSP0/Code" start="@1635609396000" delta="65" comment="Cambios en los métodos de la controladora" />
  <time id="45" path="/TI 2_Keren López/PSP0/Code" start="@1635613885160" delta="47" comment="Cambios en los fxml y la clase FibaGUI" />
  <time id="46" path="/TI 2_Keren López/PSP0/Code" start="@1635624838395" delta="263" comment="Fueron agregados los métodos relacionados con la búsqueda de estadísticas en ABB a la controladora" />
  <time id="47" path="/TI 2_Keren López/PSP0/Code" start="@1635648490000" delta="90" comment="Se creó un método para la búsqueda lineal de jugadores de acuerdo con la estadística de # rebotes por partido" />
  <time id="48" path="/TI 2_Keren López/PSP0/Design" start="@1635692470005" delta="154" comment="Se plantearon los escenarios para la clase controladora Fiba y la prueba para el método AddPlayer()" />
  <time id="49" path="/TI 2_Keren López/PSP0/Design" start="@1635711293651" delta="107" comment="Se plantearon las pruebas para los métodos deletePlayer() y updatePlayer() de la clase controladora FIBA" />
  <time id="50" path="/TI 2_Keren López/PSP0/Test" start="@1635719939000" delta="106" comment="Se codificaron las pruebas para los métodos addPlayer, deletePlayer y updatePlayer de la clase controladora Fiba y se resolvieron errores relacionados con los resultados para el método de añadir jugador" />
  <time id="51" path="/TI 2_Keren López/PSP0/Design" start="@1635727682093" delta="36" comment="Se plantearon las pruebas para los métodos searchPlayersABB y searchPlayersLinearly de la clase controladora Fiba" />
  <time id="52" path="/TI 2_Keren López/PSP0/Code" start="@1635780815000" delta="37" comment="Se modificaron las clases BSTtree y BSTNode debido al contexto del problema, ahora cada nodo tiene una lista que permitirá controlar los nodos con la misma key, en caso de que se inserten de este tipo" />
  <time id="53" path="/TI 2_Keren López/PSP0/Design" start="@1635784685265" delta="75" comment="Se modificaron las pruebas para los métodos addPlayer, deletePlayer y updatePlayer teniendo en cuenta las modificaciones realizadas a la estructura de los ABB" />
  <time id="54" path="/TI 2_Keren López/PSP0/Test" start="@1635789296609" delta="73" comment="Se codificaron las pruebas relacionadas con los métodos searchPlayersLinearly y searchPlayersABB de la clase controladora Fiba" />
  <time id="55" path="/TI 2_Keren López/PSP0/Design" start="@1635823366745" delta="185" comment="Se realizó el diagrama de clase de todo el programa, se presentaron dificultades al querer trabajar con un repositorio de visual paradigm" />
  <time id="56" path="/TI 2_Keren López/PSP0/Postmortem" start="@1635838312269" delta="6" />
  <time id="57" path="/TI 3_Keren López/PSP0/Planning" start="@1636814128702" delta="46" comment="Se estableció el contexto de la problemática y se avanzó en la fase 1: identificación del problema del método de la ingeniería." />
  <time id="58" path="/TI 3_Keren López/PSP0/Planning" start="@1636818137000" delta="155" comment="Se terminó la fase 1 y la fase 2, se realizaron modificaciones en la primera fase." />
  <time id="59" path="/TI 3_Keren López/PSP0/Planning" start="@1636831749545" delta="211" comment="Fases 3, 4 y 5 del método de la ingeniería finalizadas" />
  <time id="60" path="/TI 3_Keren López/PSP0/Design" start="@1636852413760" delta="171" comment="Creación del TAD del grafo ponderado dirigido y planteamiento de los mockups preeliminares del programa." />
  <time id="61" path="/TI 3_Keren López/PSP0/Planning" start="@1636863575380" delta="59" comment="Creación del enunciado de la situación problemática" />
  <time id="62" path="/TI 3_Keren López/PSP0/Code" start="@1637114345567" delta="60" comment="Clase grafo lista de adyacencia avanzada" />
  <time id="63" path="/TI 3_Keren López/PSP0/Code" start="@1637438163058" delta="120" comment="Se realizó la implementación del algoritmo de Dijkstra a partir de la lista de adyacencia" />
  <time id="64" path="/TI 3_Keren López/PSP0/Code" start="@1637447855168" delta="63" comment="Se realizó la implementación del algoritmo BFS para recorrer un grafo partiendo de una lista de adyacencia" />
  <time id="65" path="/TI 3_Keren López/PSP0/Code" start="@1637459181787" delta="23" comment="Se creo la clase BinaryTree para crear árboles BF y  DF de los recorridos BFS y DFS" />
  <time id="66" path="/TI 3_Keren López/PSP0/Code" start="@1637463471594" delta="68" comment="Se trabajó en la creación de la clase grafo con matriz de adyacencia" />
  <time id="67" path="/TI 3_Keren López/PSP0/Code" start="@1637469277582" delta="8" comment="Se finalizó la adaptación de los métodos de Dijkstra y BFS para la clase grafo que implementa matrices de adyacencia" />
  <time id="68" path="/TI 3_Keren López/PSP0/Design" start="@1637592726000" delta="155" comment="Se trabajó en el diseño de las pruebas unitarias para los métodos de agregar vértice y el algortimo dijkstra, así como la creación de los escenarios para la clase Graph" />
  <time id="69" path="/TI 3_Keren López/PSP0/Design" start="@1637638762273" delta="141" comment="Se planteó el diseño para el recorrido BFS en los grafos tanto dirigidos como no dirigidos" />
  <time id="70" path="/TI 3_Keren López/PSP0/Design" start="@1637710723000" delta="38" comment="Se realizaron correcciones en el diseño de las pruebas del algoritmo BFS" />
  <time id="71" path="/TI 3_Keren López/PSP0/Test" start="@1637717915027" delta="253" comment="Se codificaron y probaron las pruebas que fueron diseñadas para los métodos de los algoritmos de Dijkstra, BFS y addVertex" />
  <time id="73" path="/TI 3_Keren López/PSP0/Design" start="@1637733530000" delta="10" comment="Se anexaron nuevos métodos al TAD del grafo" />
  <time id="74" path="/TI 3_Keren López/PSP0/Design" start="@1637734287691" delta="26" comment="Se realizó el diseño de las pruebas unitarias para el método buscar vértice" />
  <time id="75" path="/TI 3_Keren López/PSP0/Test" start="@1637736543295" delta="9" comment="Se codificaron las pruebas diseñadas para el método de buscar vértice" />
  <time id="76" path="/TI 3_Keren López/PSP0/Design" start="@1637801226000" delta="40" comment="Se realizaron modificaciones en el TAD del grafo, quedó terminado" />
  <time id="77" path="/TI 3_Keren López/PSP0/Design" start="@1637804806213" delta="9" comment="Se" />
</timeLogEntries>
